{"instance": "./Instances/TH-n11-k2.vrp", "experiment": "ad-35", "angel_data": {"percent_active_angels": 0.0, "percent_demand_handled_by_active_angels": 0.0, "angels": {"11": {"isActive": false, "num_vertices_in_community": 6, "total_demand_of_community": 30, "average_demand_of_community": 5.0, "percent_demand_handled_from_community": 1.0, "community_closeness_to_depot": 0.003945529460186626}}}, "graph_data": {"closeness_centrality": {"0": 0.0038590415212757722, "1": 0.006969038280044524, "2": 0.008696705016588879, "3": 0.009508647164159263, "4": 0.00859217097423937, "5": 0.00684415509240773, "6": 0.0064480506252938986, "7": 0.007955451690719161, "8": 0.008750070075763434, "9": 0.008096538751036794, "10": 0.0066064606808951595, "11": 0.010180212129607343}}, "network_data": {"_instance_file": "./Instances/TH-n11-k2.vrp", "_num_angels": 1, "radius": [90], "max_num_routes": 2, "nodes_with_depot": [0, 1, 2, 3, 4, 5, 6, 7, 8, 9, 10, 11], "nodes": [1, 2, 3, 4, 5, 6, 7, 8, 9, 10, 11], "vertices": [1, 2, 3, 4, 5, 6, 7, 8, 9, 10], "angels": [11], "communities": [[], [], [], [], [], [], [], [], [], [], [], [2, 3, 4, 7, 8, 9]], "edge_weights": [[0.0, 223.60679774997897, 206.15528128088303, 200.0, 206.15528128088303, 223.60679774997897, 317.8443015062564, 305.0, 300.04166377354994, 303.35622624235026, 314.6823795511913, 250.0], [223.60679774997897, 0.0, 50.0, 100.0, 150.0, 200.0, 100.12492197250393, 109.65856099730654, 137.93114224133723, 176.13914953808538, 219.14607000811125, 111.80339887498948], [206.15528128088303, 50.0, 0.0, 50.0, 100.0, 150.0, 114.12712210513327, 100.12492197250393, 109.65856099730654, 137.93114224133723, 176.13914953808538, 70.71067811865476], [200.0, 100.0, 50.0, 0.0, 50.0, 100.0, 145.0, 114.12712210513327, 100.12492197250393, 109.65856099730654, 137.93114224133723, 50.0], [206.15528128088303, 150.0, 100.0, 50.0, 0.0, 50.0, 184.45866745696716, 145.0, 114.12712210513327, 100.12492197250393, 109.65856099730654, 70.71067811865476], [223.60679774997897, 200.0, 150.0, 100.0, 50.0, 0.0, 228.08989455914087, 184.45866745696716, 145.0, 114.12712210513327, 100.12492197250393, 111.80339887498948], [317.8443015062564, 100.12492197250393, 114.12712210513327, 145.0, 184.45866745696716, 228.08989455914087, 0.0, 50.0, 100.0, 150.0, 200.0, 116.29703349613007], [305.0, 109.65856099730654, 100.12492197250393, 114.12712210513327, 145.0, 184.45866745696716, 50.0, 0.0, 50.0, 100.0, 150.0, 74.33034373659252], [300.04166377354994, 137.93114224133723, 109.65856099730654, 100.12492197250393, 114.12712210513327, 145.0, 100.0, 50.0, 0.0, 50.0, 100.0, 50.24937810560445], [303.35622624235026, 176.13914953808538, 137.93114224133723, 109.65856099730654, 100.12492197250393, 114.12712210513327, 150.0, 100.0, 50.0, 0.0, 50.0, 67.26812023536856], [314.6823795511913, 219.14607000811125, 176.13914953808538, 137.93114224133723, 109.65856099730654, 100.12492197250393, 200.0, 150.0, 100.0, 50.0, 0.0, 107.35455276791944], [250.0, 111.80339887498948, 70.71067811865476, 50.0, 70.71067811865476, 111.80339887498948, 116.29703349613007, 74.33034373659252, 50.24937810560445, 67.26812023536856, 107.35455276791944, 0.0]], "demand": [0, 5, 5, 5, 5, 5, 5, 5, 5, 5, 5, 0], "angel_demand": [0, 0, 0, 0, 0, 0, 0, 0, 0, 0, 0, 35], "vehicle_capacity": 50, "angel_aid": [0.0, 0.0, 0.0, 0.0, 0.0, 0.0, 0.0, 0.0, 0.0, 0.0, 0.0, 5.0], "activation_cost": [0.0, 0.0, 0.0, 0.0, 0.0, 0.0, 0.0, 0.0, 0.0, 0.0, 0.0, 20.0], "_instance": {"name": "TH-n11-k2", "comment": "\"Created by Thomas Hoevener\"", "type": "CVRP", "dimension": 11, "edge_weight_type": "EUC_2D", "capacity": 50, "node_coord": [[0, 250], [200, 350], [200, 300], [200, 250], [200, 200], [200, 150], [300, 355], [300, 305], [300, 255], [300, 205], [300, 155], [250, 250]], "demand": [0, 5, 5, 5, 5, 5, 5, 5, 5, 5, 5, 0], "depot": [0], "edge_weight": [[0.0, 223.60679774997897, 206.15528128088303, 200.0, 206.15528128088303, 223.60679774997897, 317.8443015062564, 305.0, 300.04166377354994, 303.35622624235026, 314.6823795511913, 250.0], [223.60679774997897, 0.0, 50.0, 100.0, 150.0, 200.0, 100.12492197250393, 109.65856099730654, 137.93114224133723, 176.13914953808538, 219.14607000811125, 111.80339887498948], [206.15528128088303, 50.0, 0.0, 50.0, 100.0, 150.0, 114.12712210513327, 100.12492197250393, 109.65856099730654, 137.93114224133723, 176.13914953808538, 70.71067811865476], [200.0, 100.0, 50.0, 0.0, 50.0, 100.0, 145.0, 114.12712210513327, 100.12492197250393, 109.65856099730654, 137.93114224133723, 50.0], [206.15528128088303, 150.0, 100.0, 50.0, 0.0, 50.0, 184.45866745696716, 145.0, 114.12712210513327, 100.12492197250393, 109.65856099730654, 70.71067811865476], [223.60679774997897, 200.0, 150.0, 100.0, 50.0, 0.0, 228.08989455914087, 184.45866745696716, 145.0, 114.12712210513327, 100.12492197250393, 111.80339887498948], [317.8443015062564, 100.12492197250393, 114.12712210513327, 145.0, 184.45866745696716, 228.08989455914087, 0.0, 50.0, 100.0, 150.0, 200.0, 116.29703349613007], [305.0, 109.65856099730654, 100.12492197250393, 114.12712210513327, 145.0, 184.45866745696716, 50.0, 0.0, 50.0, 100.0, 150.0, 74.33034373659252], [300.04166377354994, 137.93114224133723, 109.65856099730654, 100.12492197250393, 114.12712210513327, 145.0, 100.0, 50.0, 0.0, 50.0, 100.0, 50.24937810560445], [303.35622624235026, 176.13914953808538, 137.93114224133723, 109.65856099730654, 100.12492197250393, 114.12712210513327, 150.0, 100.0, 50.0, 0.0, 50.0, 67.26812023536856], [314.6823795511913, 219.14607000811125, 176.13914953808538, 137.93114224133723, 109.65856099730654, 100.12492197250393, 200.0, 150.0, 100.0, 50.0, 0.0, 107.35455276791944], [250.0, 111.80339887498948, 70.71067811865476, 50.0, 70.71067811865476, 111.80339887498948, 116.29703349613007, 74.33034373659252, 50.24937810560445, 67.26812023536856, 107.35455276791944, 0.0]], "angel_demand": [0, 0, 0, 0, 0, 0, 0, 0, 0, 0, 0, 35], "community": [[0.0, 0.0, 0.0, 0.0, 0.0, 0.0, 0.0, 0.0, 0.0, 0.0, 0.0, 0.0], [0.0, 0.0, 0.0, 0.0, 0.0, 0.0, 0.0, 0.0, 0.0, 0.0, 0.0, 0.0], [0.0, 0.0, 0.0, 0.0, 0.0, 0.0, 0.0, 0.0, 0.0, 0.0, 0.0, 0.0], [0.0, 0.0, 0.0, 0.0, 0.0, 0.0, 0.0, 0.0, 0.0, 0.0, 0.0, 0.0], [0.0, 0.0, 0.0, 0.0, 0.0, 0.0, 0.0, 0.0, 0.0, 0.0, 0.0, 0.0], [0.0, 0.0, 0.0, 0.0, 0.0, 0.0, 0.0, 0.0, 0.0, 0.0, 0.0, 0.0], [0.0, 0.0, 0.0, 0.0, 0.0, 0.0, 0.0, 0.0, 0.0, 0.0, 0.0, 0.0], [0.0, 0.0, 0.0, 0.0, 0.0, 0.0, 0.0, 0.0, 0.0, 0.0, 0.0, 0.0], [0.0, 0.0, 0.0, 0.0, 0.0, 0.0, 0.0, 0.0, 0.0, 0.0, 0.0, 0.0], [0.0, 0.0, 0.0, 0.0, 0.0, 0.0, 0.0, 0.0, 0.0, 0.0, 0.0, 0.0], [0.0, 0.0, 0.0, 0.0, 0.0, 0.0, 0.0, 0.0, 0.0, 0.0, 0.0, 0.0], [0.0, 0.0, 1.0, 1.0, 1.0, 0.0, 0.0, 1.0, 1.0, 1.0, 0.0, 0.0]]}}}