{"instance": "./Instances/TH-n11-k2.vrp", "experiment": "c-0.75(4)", "angel_data": {"percent_active_angels": 0.0, "percent_demand_handled_by_active_angels": 0.0, "angels": {"11": {"isActive": false, "num_vertices_in_community": 0, "total_demand_of_community": 0, "average_demand_of_community": 0, "percent_demand_handled_from_community": 0, "community_closeness_to_depot": -1, "community_vertex_uniqueness": 0}, "12": {"isActive": false, "num_vertices_in_community": 0, "total_demand_of_community": 0, "average_demand_of_community": 0, "percent_demand_handled_from_community": 0, "community_closeness_to_depot": -1, "community_vertex_uniqueness": 0}, "13": {"isActive": false, "num_vertices_in_community": 0, "total_demand_of_community": 0, "average_demand_of_community": 0, "percent_demand_handled_from_community": 0, "community_closeness_to_depot": -1, "community_vertex_uniqueness": 0}}}, "graph_data": {"closeness_centrality": {"0": 0.00399739283308372, "1": 0.005179625194368447, "2": 0.00619524521170337, "3": 0.006754836077239535, "4": 0.006685874951884913, "5": 0.00594565484929402, "6": 0.004642356827722487, "7": 0.005246058703131889, "8": 0.005648986198086031, "9": 0.005780830228795641, "10": 0.005257197327703318, "11": 0.00406580409017706, "12": 0.004405195205083284, "13": 0.0033301176356054286}}, "network_data": {"_instance_file": "./Instances/TH-n11-k2.vrp", "_num_angels": 3, "radius": [25, 25, 25], "max_num_routes": 2, "nodes_with_depot": [0, 1, 2, 3, 4, 5, 6, 7, 8, 9, 10, 11, 12, 13], "nodes": [1, 2, 3, 4, 5, 6, 7, 8, 9, 10, 11, 12, 13], "vertices": [1, 2, 3, 4, 5, 6, 7, 8, 9, 10], "angels": [11, 12, 13], "communities": [[], [], [], [], [], [], [], [], [], [], [], [], [], []], "edge_weights": [[0.0, 223.60679774997897, 206.15528128088303, 200.0, 206.15528128088303, 223.60679774997897, 317.8443015062564, 305.0, 300.04166377354994, 1e+100, 314.6823795511913, 200.124960961895, 193.13207915827965, 240.20824298928628], [223.60679774997897, 0.0, 50.0, 100.0, 150.0, 200.0, 100.12492197250393, 109.65856099730654, 137.93114224133723, 176.13914953808538, 219.14607000811125, 333.24165405903267, 308.70698080866265, 389.48684188300894], [206.15528128088303, 50.0, 0.0, 50.0, 100.0, 150.0, 114.12712210513327, 1e+100, 109.65856099730654, 137.93114224133723, 1e+100, 289.9137802864845, 264.1968962724581, 346.69871646719434], [200.0, 100.0, 50.0, 1e+100, 50.0, 100.0, 145.0, 114.12712210513327, 1e+100, 1e+100, 137.93114224133723, 249.09837414162303, 222.03603311174518, 306.10455730027934], [206.15528128088303, 1e+100, 100.0, 50.0, 0.0, 1e+100, 184.45866745696716, 145.0, 1e+100, 100.12492197250393, 109.65856099730654, 212.24985276791125, 183.84776310850236, 1e+100], [223.60679774997897, 1e+100, 150.0, 1e+100, 50.0, 0.0, 228.08989455914087, 1e+100, 145.0, 114.12712210513327, 1e+100, 181.79658962697843, 152.64337522473747, 236.00847442411893], [317.8443015062564, 100.12492197250393, 114.12712210513327, 145.0, 1e+100, 228.08989455914087, 0.0, 50.0, 100.0, 150.0, 200.0, 393.7321424522006, 366.23080154459973, 450.6939094329987], [1e+100, 109.65856099730654, 100.12492197250393, 114.12712210513327, 145.0, 184.45866745696716, 50.0, 0.0, 50.0, 1e+100, 150.0, 1e+100, 328.8236609491476, 413.67257583746107], [300.04166377354994, 137.93114224133723, 109.65856099730654, 100.12492197250393, 114.12712210513327, 1e+100, 100.0, 50.0, 0.0, 50.0, 100.0, 324.07560846197606, 1e+100, 379.63798545456433], [303.35622624235026, 1e+100, 137.93114224133723, 1e+100, 1e+100, 114.12712210513327, 150.0, 100.0, 50.0, 1e+100, 50.0, 295.8462438497403, 266.6927070618917, 349.4638751001311], [314.6823795511913, 219.14607000811125, 176.13914953808538, 137.93114224133723, 109.65856099730654, 100.12492197250393, 200.0, 150.0, 1e+100, 50.0, 0.0, 273.9069184960467, 1e+100, 324.2298567374695], [200.124960961895, 333.24165405903267, 1e+100, 249.09837414162303, 212.24985276791125, 181.79658962697843, 393.7321424522006, 357.1064267133819, 324.07560846197606, 295.8462438497403, 1e+100, 0.0, 29.154759474226502, 1e+100], [193.13207915827965, 308.70698080866265, 264.1968962724581, 222.03603311174518, 183.84776310850236, 152.64337522473747, 366.23080154459973, 328.8236609491476, 295.16944286290885, 266.6927070618917, 245.20399670478457, 29.154759474226502, 0.0, 84.8528137423857], [1e+100, 389.48684188300894, 346.69871646719434, 306.10455730027934, 1e+100, 1e+100, 450.6939094329987, 1e+100, 379.63798545456433, 1e+100, 324.2298567374695, 57.0087712549569, 84.8528137423857, 1e+100]], "demand": [0, 5, 5, 5, 5, 5, 5, 5, 5, 5, 5, 0, 0, 0], "angel_demand": [0, 0, 0, 0, 0, 0, 0, 0, 0, 0, 0, 40, 40, 40], "vehicle_capacity": 50, "angel_aid": [0.0, 0.0, 0.0, 0.0, 0.0, 0.0, 0.0, 0.0, 0.0, 0.0, 0.0, 16.0, 16.0, 16.0], "activation_cost": [0.0, 0.0, 0.0, 0.0, 0.0, 0.0, 0.0, 0.0, 0.0, 0.0, 0.0, 20.0, 20.0, 20.0], "_instance": {"name": "TH-n11-k2", "comment": "\"Created by Thomas Hoevener\"", "type": "CVRP", "dimension": 11, "edge_weight_type": "EUC_2D", "capacity": 50, "node_coord": [[0, 250], [200, 350], [200, 300], [200, 250], [200, 200], [200, 150], [300, 355], [300, 305], [300, 255], [300, 205], [300, 155], [45, 55], [70, 70], [10, 10]], "demand": [0, 5, 5, 5, 5, 5, 5, 5, 5, 5, 5, 0, 0, 0], "depot": [0],