{"instance": "./Instances/TH-n11-k2.vrp", "experiment": "c-0.5(1)", "angel_data": {"percent_active_angels": 0.0, "percent_demand_handled_by_active_angels": 0.0, "angels": {"11": {"isActive": false, "num_vertices_in_community": 0, "total_demand_of_community": 0, "average_demand_of_community": 0, "percent_demand_handled_from_community": 0, "community_closeness_to_depot": -1, "community_vertex_uniqueness": 0}, "12": {"isActive": false, "num_vertices_in_community": 0, "total_demand_of_community": 0, "average_demand_of_community": 0, "percent_demand_handled_from_community": 0, "community_closeness_to_depot": -1, "community_vertex_uniqueness": 0}, "13": {"isActive": false, "num_vertices_in_community": 0, "total_demand_of_community": 0, "average_demand_of_community": 0, "percent_demand_handled_from_community": 0, "community_closeness_to_depot": -1, "community_vertex_uniqueness": 0}}}, "graph_data": {"closeness_centrality": {"0": 0.0031513528152860267, "1": 0.0036771441653728133, "2": 0.004949588215524869, "3": 0.004337181304106548, "4": 0.0051937014933435294, "5": 0.005217636326946929, "6": 0.004470652043114396, "7": 0.004897227588707393, "8": 0.004341042233002562, "9": 0.0055458869051801555, "10": 0.005056695377352505, "11": 0.00292078863933446, "12": 0.004137226219232693, "13": 0.0026393443667669884}}, "network_data": {"_instance_file": "./Instances/TH-n11-k2.vrp", "_num_angels": 3, "radius": [25, 25, 25], "max_num_routes": 2, "nodes_with_depot": [0, 1, 2, 3, 4, 5, 6, 7, 8, 9, 10, 11, 12, 13], "nodes": [1, 2, 3, 4, 5, 6, 7, 8, 9, 10, 11, 12, 13], "vertices": [1, 2, 3, 4, 5, 6, 7, 8, 9, 10], "angels": [11, 12, 13], "communities": [[], [], [], [], [], [], [], [], [], [], [], [], [], []], "edge_weights": [[1e+100, 223.60679774997897, 206.15528128088303, 1e+100, 1e+100, 1e+100, 1e+100, 305.0, 300.04166377354994, 303.35622624235026, 1e+100, 1e+100, 193.13207915827965, 240.20824298928628], [1e+100, 1e+100, 50.0, 100.0, 150.0, 1e+100, 100.12492197250393, 109.65856099730654, 1e+100, 176.13914953808538, 1e+100, 1e+100, 308.70698080866265, 1e+100], [206.15528128088303, 1e+100, 0.0, 1e+100, 1e+100, 150.0, 1e+100, 100.12492197250393, 1e+100, 1e+100, 176.13914953808538, 289.9137802864845, 1e+100, 346.69871646719434], [200.0, 1e+100, 1e+100, 0.0, 50.0, 100.0, 1e+100, 1e+100, 100.12492197250393, 1e+100, 1e+100, 1e+100, 222.03603311174518, 1e+100], [1e+100, 150.0, 100.0, 1e+100, 0.0, 50.0, 1e+100, 145.0, 114.12712210513327, 100.12492197250393, 109.65856099730654, 1e+100, 183.84776310850236, 268.70057685088807], [1e+100, 200.0, 150.0, 100.0, 1e+100, 0.0, 228.08989455914087, 1e+100, 1e+100, 1e+100, 100.12492197250393, 181.79658962697843, 1e+100, 1e+100], [317.8443015062564, 1e+100, 1e+100, 1e+100, 1e+100, 228.08989455914087, 1e+100, 50.0, 1e+100, 1e+100, 1e+100, 393.7321424522006, 1e+100, 1e+100], [305.0, 1e+100, 1e+100, 1e+100, 1e+100, 1e+100, 50.0, 0.0, 1e+100, 100.0, 150.0, 1e+100, 1e+100, 1e+100], [1e+100, 137.93114224133723, 1e+100, 1e+100, 114.12712210513327, 1e+100, 100.0, 1e+100, 1e+100, 50.0, 100.0, 1e+100, 295.16944286290885, 379.63798545456433], [1e+100, 1e+100, 137.93114224133723, 1e+100, 100.12492197250393, 114.12712210513327, 1e+100, 100.0, 1e+100, 1e+100, 50.0, 1e+100, 266.6927070618917, 349.4638751001311], [1e+100, 1e+100, 176.13914953808538, 1e+100, 1e+100, 100.12492197250393, 1e+100, 1e+100, 100.0, 50.0, 0.0, 1e+100, 245.20399670478457, 324.2298567374695], [1e+100, 333.24165405903267, 289.9137802864845, 1e+100, 212.24985276791125, 1e+100, 393.7321424522006, 357.1064267133819, 1e+100, 295.8462438497403, 273.9069184960467, 1e+100, 29.154759474226502, 1e+100], [1e+100, 308.70698080866265, 1e+100, 222.03603311174518, 183.84776310850236, 1e+100, 366.23080154459973, 1e+100, 1e+100, 266.6927070618917, 1e+100, 1e+100, 0.0, 1e+100], [240.20824298928628, 1e+100, 1e+100, 306.10455730027934, 268.70057685088807, 1e+100, 450.6939094329987, 1e+100, 379.63798545456433, 1e+100, 1e+100, 1e+100, 84.8528137423857, 0.0]], "demand": [0, 5, 5, 5, 5, 5, 5, 5, 5, 5, 5, 0, 0, 0], "angel_demand": [0, 0, 0, 0, 0, 0, 0, 0, 0, 0, 0, 40, 40, 40], "vehicle_capacity": 50, "angel_aid": [0.0, 0.0, 0.0, 0.0, 0.0, 0.0, 0.0, 0.0, 0.0, 0.0, 0.0, 16.0, 16.0, 16.0], "activation_cost": [0.0, 0.0, 0.0, 0.0, 0.0, 0.0, 0.0, 0.0, 0.0, 0.0, 0.0, 20.0, 20.0, 20.0], "_instance": {"name": "TH-n11-k2", "comment": "\"Created by Thomas Hoevener\"", "type": "CVRP", "dimension": 11, "edge_weight_type": "EUC_2D", "capacity": 50, "node_coord": [[0, 250], [200, 350], [200, 300], [200, 250], [200, 200], [200, 150], [300, 355], [300, 305], [300, 255], [300, 205], [300, 155], [45, 55], [70, 70], [10, 10]], "demand": [0, 5, 5, 5, 5, 5, 5, 5, 5, 5, 5, 0, 0, 0], "depot": [0], "edge_weight": [[1e+100, 223.60679774997897, 206.15528128088303, 1e+100, 1e+100, 1e+100, 1e+100, 305.0, 300.04166377354994, 303.35622624235026, 1e+100, 1e+100, 193.13207915827965, 240.20824298928628], [1e+100, 1e+100, 50.0, 100.0, 150.0, 1e+100, 100.12492197250393, 109.65856099730654, 1e+100, 176.13914953808538, 1e+100, 1e+100, 308.70698080866265, 1e+100], [206.15528128088303, 1e+100, 0.0, 1e+100, 1e+100, 150.0, 1e+100, 100.12492197250393, 1e+100, 1e+100, 176.13914953808538, 289.9137802864845, 1e+100, 346.69871646719434], [200.0, 1e+100, 1e+100, 0.0, 50.0, 100.0, 1e+100, 1e+100, 100.12492197250393, 1e+100, 1e+100, 1e+100, 222.03603311174518, 1e+100], [1e+100, 150.0, 100.0, 1e+100, 0.0, 50.0, 1e+100, 145.0, 114.12712210513327, 100.12492197250393, 109.65856099730654, 1e+100, 183.84776310850236, 268.70057685088807], [1e+100, 200.0, 150.0, 100.0, 1e+100, 0.0, 228.08989455914087, 1e+100, 1e+100, 1e+100, 100.12492197250393, 181.79658962697843, 1e+100, 1e+100], [317.8443015062564, 1e+100, 1e+100, 1e+100, 1e+100, 228.08989455914087, 1e+100, 50.0, 1e+100, 1e+100, 1e+100, 393.7321424522006, 1e+100, 1e+100], [305.0, 1e+100, 1e+100, 1e+100, 1e+100, 1e+100, 50.0, 0.0, 1e+100, 100.0, 150.0, 1e+100, 1e+100, 1e+100], [1e+100, 137.93114224133723, 1e+100, 1e+100, 114.12712210513327, 1e+100, 100.0, 1e+100, 1e+100, 50.0, 100.0, 1e+100, 295.16944286290885, 379.63798545456433], [1e+100, 1e+100, 137.93114224133723, 1e+100, 100.12492197250393, 114.12712210513327, 1e+100, 100.0, 1e+100, 1e+100, 50.0, 1e+100, 266.6927070618917, 349.4638751001311], [1e+100, 1e+100, 176.13914953808538, 1e+100, 1e+100, 100.12492197250393, 1e+100, 1e+100, 100.0, 50.0, 0.0, 1e+100, 245.20399670478457, 324.2298567374695], [1e+100, 333.24165405903267, 289.9137802864845, 1e+100, 212.24985276791125, 1e+100, 393.7321424522006, 357.1064267133819, 1e+100, 295.8462438497403, 273.9069184960467, 1e+100, 29.154759474226502, 1e+100], [1e+100, 308.70698080866265, 1e+100, 222.03603311174518, 183.84776310850236, 1e+100, 366.23080154459973, 1e+100, 1e+100, 266.6927070618917, 1e+100, 1e+100, 0.0, 1e+100], [240.20824298928628, 1e+100, 1e+100, 306.10455730027934, 268.70057685088807, 1e+100, 450.6939094329987, 1e+100, 379.63798545456433, 1e+100, 1e+100, 1e+100, 84.8528137423857, 0.0]], "angel_demand": [0, 0, 0, 0, 0, 0, 0, 0, 0, 0, 0, 40, 40, 40],