{"instance": "./Instances/TH-n11-k2.vrp", "experiment": "c-0.5(3)", "angel_data": {"percent_active_angels": 0.0, "percent_demand_handled_by_active_angels": 0.0, "angels": {"11": {"isActive": false, "num_vertices_in_community": 0, "total_demand_of_community": 0, "average_demand_of_community": 0, "percent_demand_handled_from_community": 0, "community_closeness_to_depot": -1, "community_vertex_uniqueness": 0}, "12": {"isActive": false, "num_vertices_in_community": 0, "total_demand_of_community": 0, "average_demand_of_community": 0, "percent_demand_handled_from_community": 0, "community_closeness_to_depot": -1, "community_vertex_uniqueness": 0}, "13": {"isActive": false, "num_vertices_in_community": 0, "total_demand_of_community": 0, "average_demand_of_community": 0, "percent_demand_handled_from_community": 0, "community_closeness_to_depot": -1, "community_vertex_uniqueness": 0}}}, "graph_data": {"closeness_centrality": {"0": 0.003402105542930499, "1": 0.003306670410147112, "2": 0.004828117128254585, "3": 0.0051025217727512055, "4": 0.005577326072789419, "5": 0.004775396583940345, "6": 0.003949317923637637, "7": 0.0032427567509401125, "8": 0.004633792240619587, "9": 0.004070532260219186, "10": 0.004792205756814641, "11": 0.003382879205177634, "12": 0.002511315352646897, "13": 0.002794988451571187}}, "network_data": {"_instance_file": "./Instances/TH-n11-k2.vrp", "_num_angels": 3, "radius": [25, 25, 25], "max_num_routes": 2, "nodes_with_depot": [0, 1, 2, 3, 4, 5, 6, 7, 8, 9, 10, 11, 12, 13], "nodes": [1, 2, 3, 4, 5, 6, 7, 8, 9, 10, 11, 12, 13], "vertices": [1, 2, 3, 4, 5, 6, 7, 8, 9, 10], "angels": [11, 12, 13], "communities": [[], [], [], [], [], [], [], [], [], [], [], [], [], []], "edge_weights": [[1e+100, 1e+100, 1e+100, 1e+100, 1e+100, 1e+100, 317.8443015062564, 1e+100, 300.04166377354994, 1e+100, 314.6823795511913, 1e+100, 193.13207915827965, 240.20824298928628], [1e+100, 1e+100, 1e+100, 1e+100, 150.0, 200.0, 1e+100, 109.65856099730654, 137.93114224133723, 176.13914953808538, 219.14607000811125, 333.24165405903267, 308.70698080866265, 389.48684188300894], [206.15528128088303, 1e+100, 1e+100, 1e+100, 100.0, 150.0, 1e+100, 1e+100, 109.65856099730654, 1e+100, 176.13914953808538, 289.9137802864845, 1e+100, 346.69871646719434], [200.0, 1e+100, 1e+100, 1e+100, 50.0, 1e+100, 1e+100, 1e+100, 1e+100, 1e+100, 137.93114224133723, 249.09837414162303, 1e+100, 1e+100], [206.15528128088303, 1e+100, 100.0, 50.0, 1e+100, 50.0, 184.45866745696716, 1e+100, 1e+100, 1e+100, 109.65856099730654, 1e+100, 1e+100, 268.70057685088807], [223.60679774997897, 1e+100, 150.0, 1e+100, 1e+100, 0.0, 1e+100, 1e+100, 145.0, 1e+100, 100.12492197250393, 181.79658962697843, 1e+100, 236.00847442411893], [317.8443015062564, 1e+100, 114.12712210513327, 1e+100, 184.45866745696716, 1e+100, 1e+100, 1e+100, 1e+100, 150.0, 1e+100, 1e+100, 1e+100, 450.6939094329987], [305.0, 109.65856099730654, 100.12492197250393, 1e+100, 145.0, 184.45866745696716, 50.0, 0.0, 50.0, 100.0, 1e+100, 1e+100, 328.8236609491476, 1e+100], [1e+100, 1e+100, 1e+100, 100.12492197250393, 114.12712210513327, 145.0, 1e+100, 1e+100, 0.0, 50.0, 100.0, 324.07560846197606, 295.16944286290885, 379.63798545456433], [303.35622624235026, 176.13914953808538, 137.93114224133723, 109.65856099730654, 100.12492197250393, 1e+100, 150.0, 1e+100, 50.0, 0.0, 1e+100, 295.8462438497403, 266.6927070618917, 1e+100], [1e+100, 219.14607000811125, 1e+100, 137.93114224133723, 109.65856099730654, 1e+100, 200.0, 150.0, 1e+100, 1e+100, 1e+100, 1e+100, 1e+100, 324.2298567374695], [1e+100, 333.24165405903267, 289.9137802864845, 249.09837414162303, 212.24985276791125, 1e+100, 393.7321424522006, 357.1064267133819, 1e+100, 1e+100, 273.9069184960467, 0.0, 1e+100, 1e+100], [193.13207915827965, 308.70698080866265, 264.1968962724581, 222.03603311174518, 1e+100, 1e+100, 366.23080154459973, 1e+100, 1e+100, 266.6927070618917, 1e+100, 1e+100, 1e+100, 1e+100], [1e+100, 389.48684188300894, 1e+100, 306.10455730027934, 1e+100, 1e+100, 1e+100, 413.67257583746107, 1e+100, 1e+100, 1e+100, 57.0087712549569, 1e+100, 1e+100]], "demand": [0, 5, 5, 5, 5, 5, 5, 5, 5, 5, 5, 0, 0, 0], "angel_demand": [0, 0, 0, 0, 0, 0, 0, 0, 0, 0, 0, 40, 40, 40], "vehicle_capacity": 50, "angel_aid": [0.0, 0.0, 0.0, 0.0, 0.0, 0.0, 0.0, 0.0, 0.0, 0.0, 0.0, 16.0, 16.0, 16.0], "activation_cost": [0.0, 0.0, 0.0, 0.0, 0.0, 0.0, 0.0, 0.0, 0.0, 0.0, 0.0, 20.0, 20.0, 20.0], "_instance": {"name": "TH-n11-k2", "comment": "\"Created by Thomas Hoevener\"", "type": "CVRP", "dimension": 11, "edge_weight_type": "EUC_2D", "capacity": 50, "node_coord": [[0, 250], [200, 350], [200, 300], [200, 250], [200, 200], [200, 150], [300, 355], [300, 305], [300, 255], [300, 205], [300, 155], [45, 55], [70, 70], [10, 10]], "demand": [0, 5, 5, 5, 5, 5, 5, 5, 5, 5, 5, 0, 0, 0], "depot": [0], "edge_weight": [[1e+100, 1e+100, 1e+100, 1e+100, 1e+100, 1e+100, 317.8443015062564, 1e+100, 300.04166377354994, 1e+100, 314.6823795511913, 1e+100, 193.13207915827965, 240.20824298928628], [1e+100, 1e+100, 1e+100, 1e+100, 150.0, 200.0, 1e+100, 109.65856099730654, 137.93114224133723, 176.13914953808538, 219.14607000811125, 333.24165405903267, 308.70698080866265, 389.48684188300894], [206.15528128088303, 1e+100, 1e+100, 1e+100, 100.0, 150.0, 1e+100, 1e+100, 109.65856099730654, 1e+100, 176.13914953808538, 289.9137802864845, 1e+100, 346.69871646719434], [200.0, 1e+100, 1e+100, 1e+100, 50.0, 1e+100, 1e+100, 1e+100, 1e+100, 1e+100, 137.93114224133723, 249.09837414162303, 1e+100, 1e+100], [206.15528128088303, 1e+100, 100.0, 50.0, 1e+100, 50.0, 184.45866745696716, 1e+100, 1e+100, 1e+100, 109.65856099730654, 1e+100, 1e+100, 268.70057685088807], [223.60679774997897, 1e+100, 150.0, 1e+100, 1e+100, 0.0, 1e+100, 1e+100, 145.0, 1e+100, 100.12492197250393, 181.79658962697843, 1e+100, 236.00847442411893], [317.8443015062564, 1e+100, 114.12712210513327, 1e+100, 184.45866745696716, 1e+100, 1e+100, 1e+100, 1e+100, 150.0, 1e+100, 1e+100, 1e+100, 450.6939094329987], [305.0, 109.65856099730654, 100.12492197250393, 1e+100, 145.0, 184.45866745696716, 50.0, 0.0, 50.0, 100.0, 1e+100, 1e+100, 328.8236609491476, 1e+100], [1e+100, 1e+100, 1e+100, 100.12492197250393, 114.12712210513327, 145.0, 1e+100, 1e+100, 0.0, 50.0, 100.0, 324.07560846197606, 295.16944286290885, 379.63798545456433], [303.35622624235026, 176.13914953808538, 137.93114224133723, 109.65856099730654, 100.12492197250393, 1e+100, 150.0, 1e+100, 50.0, 0.0, 1e+100, 295.8462438497403, 266.6927070618917, 1e+100], [1e+100, 219.14607000811125, 1e+100, 137.93114224133723, 109.65856099730654, 1e+100, 200.0, 150.0, 1e+100, 1e+100, 1e+100, 1e+100, 1e+100, 324.2298567374695], [1e+100, 333.24165405903267, 289.9137802864845, 249.09837414162303, 212.24985276791125, 1e+100, 393.7321424522006, 357.1064267133819, 1e+100, 1e+100, 273.9069184960467, 0.0, 1e+100, 1e+100], [193.13207915827965, 308.70698080866265, 264.1968962724581, 222.03603311174518, 1e+100, 1e+100, 366.23080154459973, 1e+100, 1e+100, 266.6927070618917, 1e+100, 1e+100, 1e+100, 1e+100], [1e+100, 389.48684188300894, 1e+100, 306.10455730027934, 1e+100, 1e+100, 1e+100, 413.67257583746107, 1e+100, 1e+100, 1e+100, 57.0087712549569, 1e+100, 1e+100]], "angel_demand": [0, 0, 0, 0, 0, 0, 0, 0, 0, 0, 0, 40, 40, 40],