{"instance": "./Instances/TH-n11-k2.vrp", "experiment": "c-0.5(2)", "angel_data": {"percent_active_angels": 0.0, "percent_demand_handled_by_active_angels": 0.0, "angels": {"11": {"isActive": false, "num_vertices_in_community": 0, "total_demand_of_community": 0, "average_demand_of_community": 0, "percent_demand_handled_from_community": 0, "community_closeness_to_depot": -1, "community_vertex_uniqueness": 0}, "12": {"isActive": false, "num_vertices_in_community": 0, "total_demand_of_community": 0, "average_demand_of_community": 0, "percent_demand_handled_from_community": 0, "community_closeness_to_depot": -1, "community_vertex_uniqueness": 0}, "13": {"isActive": false, "num_vertices_in_community": 0, "total_demand_of_community": 0, "average_demand_of_community": 0, "percent_demand_handled_from_community": 0, "community_closeness_to_depot": -1, "community_vertex_uniqueness": 0}}}, "graph_data": {"closeness_centrality": {"0": 0.002501501054351308, "1": 0.0038517117251440154, "2": 0.004617030873122015, "3": 0.005902039147742231, "4": 0.00481470699768544, "5": 0.005546042496186924, "6": 0.0038771867037703097, "7": 0.005193856659546189, "8": 0.0049405895546056665, "9": 0.0053045834444081985, "10": 0.00453111822264675, "11": 0.003497893111299305, "12": 0.0038484456085123623, "13": 0.00335428566632344}}, "network_data": {"_instance_file": "./Instances/TH-n11-k2.vrp", "_num_angels": 3, "radius": [25, 25, 25], "max_num_routes": 2, "nodes_with_depot": [0, 1, 2, 3, 4, 5, 6, 7, 8, 9, 10, 11, 12, 13], "nodes": [1, 2, 3, 4, 5, 6, 7, 8, 9, 10, 11, 12, 13], "vertices": [1, 2, 3, 4, 5, 6, 7, 8, 9, 10], "angels": [11, 12, 13], "communities": [[], [], [], [], [], [], [], [], [], [], [], [], [], []], "edge_weights": [[0.0, 223.60679774997897, 1e+100, 1e+100, 1e+100, 223.60679774997897, 1e+100, 305.0, 1e+100, 1e+100, 314.6823795511913, 1e+100, 193.13207915827965, 240.20824298928628], [223.60679774997897, 1e+100, 1e+100, 100.0, 150.0, 1e+100, 1e+100, 1e+100, 137.93114224133723, 1e+100, 1e+100, 1e+100, 308.70698080866265, 1e+100], [1e+100, 1e+100, 0.0, 1e+100, 100.0, 1e+100, 114.12712210513327, 100.12492197250393, 1e+100, 1e+100, 1e+100, 1e+100, 1e+100, 1e+100], [1e+100, 1e+100, 1e+100, 1e+100, 1e+100, 1e+100, 1e+100, 114.12712210513327, 1e+100, 109.65856099730654, 1e+100, 1e+100, 222.03603311174518, 306.10455730027934], [1e+100, 1e+100, 100.0, 50.0, 0.0, 50.0, 184.45866745696716, 145.0, 114.12712210513327, 100.12492197250393, 109.65856099730654, 1e+100, 183.84776310850236, 268.70057685088807], [1e+100, 1e+100, 1e+100, 100.0, 1e+100, 1e+100, 228.08989455914087, 1e+100, 145.0, 114.12712210513327, 100.12492197250393, 181.79658962697843, 1e+100, 1e+100], [1e+100, 100.12492197250393, 114.12712210513327, 1e+100, 1e+100, 1e+100, 1e+100, 50.0, 1e+100, 1e+100, 200.0, 1e+100, 1e+100, 450.6939094329987], [305.0, 1e+100, 100.12492197250393, 114.12712210513327, 1e+100, 184.45866745696716, 1e+100, 0.0, 1e+100, 100.0, 150.0, 357.1064267133819, 1e+100, 413.67257583746107], [300.04166377354994, 137.93114224133723, 109.65856099730654, 1e+100, 1e+100, 145.0, 100.0, 50.0, 1e+100, 1e+100, 1e+100, 324.07560846197606, 1e+100, 379.63798545456433], [303.35622624235026, 1e+100, 1e+100, 109.65856099730654, 100.12492197250393, 114.12712210513327, 150.0, 1e+100, 50.0, 0.0, 1e+100, 1e+100, 1e+100, 349.4638751001311], [1e+100, 1e+100, 1e+100, 137.93114224133723, 1e+100, 1e+100, 1e+100, 1e+100, 1e+100, 50.0, 0.0, 1e+100, 245.20399670478457, 324.2298567374695], [1e+100, 1e+100, 289.9137802864845, 249.09837414162303, 1e+100, 181.79658962697843, 393.7321424522006, 1e+100, 324.07560846197606, 295.8462438497403, 1e+100, 0.0, 1e+100, 57.0087712549569], [1e+100, 308.70698080866265, 264.1968962724581, 1e+100, 183.84776310850236, 1e+100, 1e+100, 1e+100, 295.16944286290885, 1e+100, 245.20399670478457, 1e+100, 0.0, 84.8528137423857], [1e+100, 1e+100, 346.69871646719434, 306.10455730027934, 268.70057685088807, 1e+100, 450.6939094329987, 1e+100, 379.63798545456433, 349.4638751001311, 324.2298567374695, 57.0087712549569, 84.8528137423857, 0.0]], "demand": [0, 5, 5, 5, 5, 5, 5, 5, 5, 5, 5, 0, 0, 0], "angel_demand": [0, 0, 0, 0, 0, 0, 0, 0, 0, 0, 0, 40, 40, 40], "vehicle_capacity": 50, "angel_aid": [0.0, 0.0, 0.0, 0.0, 0.0, 0.0, 0.0, 0.0, 0.0, 0.0, 0.0, 16.0, 16.0, 16.0], "activation_cost": [0.0, 0.0, 0.0, 0.0, 0.0, 0.0, 0.0, 0.0, 0.0, 0.0, 0.0, 20.0, 20.0, 20.0], "_instance": {"name": "TH-n11-k2", "comment": "\"Created by Thomas Hoevener\"", "type": "CVRP", "dimension": 11, "edge_weight_type": "EUC_2D", "capacity": 50, "node_coord": [[0, 250], [200, 350], [200, 300], [200, 250], [200, 200], [200, 150], [300, 355], [300, 305], [300, 255], [300, 205], [300, 155], [45, 55], [70, 70], [10, 10]], "demand": [0, 5, 5, 5, 5, 5, 5, 5, 5, 5, 5, 0, 0, 0], "depot": [0], "edge_weight": [[0.0, 223.60679774997897, 1e+100, 1e+100, 1e+100, 223.60679774997897, 1e+100, 305.0, 1e+100, 1e+100, 314.6823795511913, 1e+100, 193.13207915827965, 240.20824298928628], [223.60679774997897, 1e+100, 1e+100, 100.0, 150.0, 1e+100, 1e+100, 1e+100, 137.93114224133723, 1e+100, 1e+100, 1e+100, 308.70698080866265, 1e+100], [1e+100, 1e+100, 0.0, 1e+100, 100.0, 1e+100, 114.12712210513327, 100.12492197250393, 1e+100, 1e+100, 1e+100, 1e+100, 1e+100, 1e+100], [1e+100, 1e+100, 1e+100, 1e+100, 1e+100, 1e+100, 1e+100, 114.12712210513327, 1e+100, 109.65856099730654, 1e+100, 1e+100, 222.03603311174518, 306.10455730027934], [1e+100, 1e+100, 100.0, 50.0, 0.0, 50.0, 184.45866745696716, 145.0, 114.12712210513327, 100.12492197250393, 109.65856099730654, 1e+100, 183.84776310850236, 268.70057685088807], [1e+100, 1e+100, 1e+100, 100.0, 1e+100, 1e+100, 228.08989455914087, 1e+100, 145.0, 114.12712210513327, 100.12492197250393, 181.79658962697843, 1e+100, 1e+100], [1e+100, 100.12492197250393, 114.12712210513327, 1e+100, 1e+100, 1e+100, 1e+100, 50.0, 1e+100, 1e+100, 200.0, 1e+100, 1e+100, 450.6939094329987], [305.0, 1e+100, 100.12492197250393, 114.12712210513327, 1e+100, 184.45866745696716, 1e+100, 0.0, 1e+100, 100.0, 150.0, 357.1064267133819, 1e+100, 413.67257583746107], [300.04166377354994, 137.93114224133723, 109.65856099730654, 1e+100, 1e+100, 145.0, 100.0, 50.0, 1e+100, 1e+100, 1e+100, 324.07560846197606, 1e+100, 379.63798545456433], [303.35622624235026, 1e+100, 1e+100, 109.65856099730654, 100.12492197250393, 114.12712210513327, 150.0, 1e+100, 50.0, 0.0, 1e+100, 1e+100, 1e+100, 349.4638751001311], [1e+100, 1e+100, 1e+100, 137.93114224133723, 1e+100, 1e+100, 1e+100, 1e+100, 1e+100, 50.0, 0.0, 1e+100, 245.20399670478457, 324.2298567374695], [1e+100, 1e+100, 289.9137802864845, 249.09837414162303, 1e+100, 181.79658962697843, 393.7321424522006, 1e+100, 324.07560846197606, 295.8462438497403, 1e+100, 0.0, 1e+100, 57.0087712549569], [1e+100, 308.70698080866265, 264.1968962724581, 1e+100, 183.84776310850236, 1e+100, 1e+100, 1e+100, 295.16944286290885, 1e+100, 245.20399670478457, 1e+100, 0.0, 84.8528137423857], [1e+100, 1e+100, 346.69871646719434, 306.10455730027934, 268.70057685088807, 1e+100, 450.6939094329987, 1e+100, 379.63798545456433, 349.4638751001311, 324.2298567374695, 57.0087712549569, 84.8528137423857, 0.0]], "angel_demand": [0, 0, 0, 0, 0, 0, 0, 0, 0, 0, 0, 40, 40, 40],