{"instance": "./Instances/A-n33-k6.vrp", "experiment": "u1", "angel_data": {"percent_active_angels": 0.6666666666666666, "percent_demand_handled_by_active_angels": 0.5619223659889094, "angels": {"33": {"isActive": false, "num_vertices_in_community": 8, "total_demand_of_community": 133, "percent_demand_handled_from_community": 0.9624060150375939, "community_closeness_to_depot": 2.32421137639783, "average_demand_of_community": 16.625, "community_vertex_uniqueness": 1}, "34": {"isActive": true, "num_vertices_in_community": 15, "total_demand_of_community": 225, "percent_demand_handled_from_community": 1.0666666666666667, "community_closeness_to_depot": 5.287125062808489, "average_demand_of_community": 15.0, "community_vertex_uniqueness": 8}, "35": {"isActive": true, "num_vertices_in_community": 4, "total_demand_of_community": 54, "percent_demand_handled_from_community": 1.1851851851851851, "community_closeness_to_depot": 0.5037287421815435, "average_demand_of_community": 13.5, "community_vertex_uniqueness": 4}}}, "network_data": {"closeness_centrality": {"0": 0.025299743679072704, "1": 0.02900400634305922, "2": 0.020392160807219156, "3": 0.019864320564254606, "4": 0.01964688974270574, "5": 0.02704462341168139, "6": 0.028234164112836406, "7": 0.02712276914184782, "8": 0.02085794832914364, "9": 0.017213404828192634, "10": 0.025296722161930033, "11": 0.019015890852429353, "12": 0.018452973545910904, "13": 0.028751527038472634, "14": 0.027723943668661474, "15": 0.0192529487977441, "16": 0.015552331284747931, "17": 0.025027497438318388, "18": 0.02845187679923458, "19": 0.024867150929899867, "20": 0.019901195552731916, "21": 0.020935514282634782, "22": 0.020744142217240788, "23": 0.015357301322114911, "24": 0.01858192878547755, "25": 0.01998497331300788, "26": 0.018241434145357737, "27": 0.01585333447182741, "28": 0.023716633734501835, "29": 0.01467003219451862, "30": 0.015886978297355643, "31": 0.018009406535900947, "32": 0.025072574590459827, "33": 0.02900400634305922, "34": 0.022563109706447048, "35": 0.01715932000349572}}}