{ "SolutionInfo": { "Status": 9, "Runtime": 1.8000012610912323e+04, "Work": 3.9726298458277794e+04, "ObjVal": 1e+100, "ObjBound": 7.6480140519890429e+03, "ObjBoundC": 7.6480140519890429e+03, "MIPGap": 1e+100, "IterCount": 972280741, "BarIterCount": 0, "NodeCount": 15914525, "SolCount": 0}}